Year,K,Number of nodes in the k-core network,Number of edges in the k-core network,Connectivity (gamma index)
95,7,13,62,0.7948717948717948
90,8,10,43,0.9555555555555556
85,5,17,70,0.5147058823529411
80,6,12,50,0.7575757575757576
70,5,12,43,0.6515151515151515
65,4,7,18,0.8571428571428571
60,3,8,18,0.6428571428571429
55,6,7,21,1.0
